coordinate,implementation,value,smooth_gradient,residual_strict,residual_relaxed
k,analytic_prophet,-0.34867018978673947,-0.0030366098621676,-0.0030366098621676,-0.0030366098621676
m,analytic_prophet,0.6255670195368687,-0.0438703501614945,-0.0438703501614945,-0.0438703501614945
delta[1],analytic_prophet,0.0,6.194678609103819,0.0,0.0
delta[2],analytic_prophet,0.0,6.188917343483041,0.0,0.0
delta[3],analytic_prophet,0.30838045641271894,-19.95453222136219,0.0454677786378105,-0.0
delta[4],analytic_prophet,0.5107552237344183,-19.966543725220546,0.0334562747794535,-0.0
delta[5],analytic_prophet,0.0,5.2070357398648355,0.0,0.0
delta[6],analytic_prophet,0.0,17.711093012361275,0.0,0.0
delta[7],analytic_prophet,-0.2961107501510892,20.086002387671375,0.0860023876713746,0.08600238767137469
delta[8],analytic_prophet,-0.19827480266842126,20.092311071815317,0.0923110718153168,0.09231107181531684
delta[9],analytic_prophet,0.0,-2.2567063289426126,-0.0,-0.0
delta[10],analytic_prophet,0.0,-2.253137118147734,-0.0,-0.0
delta[11],analytic_prophet,0.0,0.9104195010983318,0.0,0.0
delta[12],analytic_prophet,0.19438316970934602,-19.940279109437228,0.0597208905627724,-0.0
delta[13],analytic_prophet,0.31313949266774915,-20.060477036799576,-0.0604770367995755,-0.0604770367995755
delta[14],analytic_prophet,0.039698247064524565,-20.072896869376237,-0.0728968693762368,-0.07289686937623685
delta[15],analytic_prophet,0.0,-19.09438575357387,-0.0,-0.0
delta[16],analytic_prophet,-0.9206390202521978,19.903755791853314,-0.0962442081466861,0.0
delta[17],analytic_prophet,0.0,8.691951906507626,0.0,0.0
delta[18],analytic_prophet,0.0,-0.6209935468216656,-0.0,-0.0
delta[19],analytic_prophet,0.0,-9.214874057597557,-0.0,-0.0
delta[20],analytic_prophet,0.4997970666437056,-20.095556080884872,-0.0955560808848723,-0.09555608088487233
delta[21],analytic_prophet,0.0,-15.767627331263496,-0.0,-0.0
delta[22],analytic_prophet,0.0,3.2271056378116327,0.0,0.0
delta[23],analytic_prophet,-0.33905499038762293,19.983323589937356,-0.0166764100626437,0.0
delta[24],analytic_prophet,0.0,11.244190798117584,0.0,0.0
delta[25],analytic_prophet,0.0,6.604037481334274,0.0,0.0
beta[1],analytic_prophet,-0.029934844452298135,-0.0007174423351833,-0.0007174423351833,-0.0007174423351833
beta[2],analytic_prophet,0.048139883520378235,-0.0267944863415915,-0.0267944863415915,-0.0267944863415915
beta[3],analytic_prophet,0.00999755436448059,-0.0070763921137577,-0.0070763921137577,-0.0070763921137577
beta[4],analytic_prophet,-0.0022459640068148404,-0.0066460646490384,-0.0066460646490384,-0.0066460646490384
beta[5],analytic_prophet,0.012534505161813878,-0.0322699927892173,-0.0322699927892173,-0.0322699927892173
beta[6],analytic_prophet,0.015618237214144464,-0.0201186781089375,-0.0201186781089375,-0.0201186781089375
beta[7],analytic_prophet,0.009510511681799316,-0.0154119884216988,-0.0154119884216988,-0.0154119884216988
beta[8],analytic_prophet,0.0007613764404460923,-0.0105486522741123,-0.0105486522741123,-0.0105486522741123
beta[9],analytic_prophet,0.003908665950763612,-0.0400975032437763,-0.0400975032437763,-0.0400975032437763
beta[10],analytic_prophet,-0.005865718686574661,-0.01380465806512,-0.01380465806512,-0.01380465806512
beta[11],analytic_prophet,0.007548882614650134,-0.0228737934166556,-0.0228737934166556,-0.0228737934166556
beta[12],analytic_prophet,-0.005246464662865825,-0.0193162808385494,-0.0193162808385494,-0.0193162808385494
beta[13],analytic_prophet,0.0020792125791374012,-0.0409843295094386,-0.0409843295094386,-0.0409843295094386
beta[14],analytic_prophet,-0.004776688942643102,-0.0098460691941907,-0.0098460691941907,-0.0098460691941907
beta[15],analytic_prophet,-0.0041097826418156885,-0.0257753907640548,-0.0257753907640548,-0.0257753907640548
beta[16],analytic_prophet,-0.007771717711194756,-0.0204707499155731,-0.0204707499155731,-0.0204707499155731
beta[17],analytic_prophet,-0.0008204978215509545,-0.0290805563024423,-0.0290805563024423,-0.0290805563024423
beta[18],analytic_prophet,0.0012565903316967006,-0.0036808975329574,-0.0036808975329574,-0.0036808975329574
beta[19],analytic_prophet,0.0018692063160225274,-0.0234525793809256,-0.0234525793809256,-0.0234525793809256
beta[20],analytic_prophet,0.00698201313988774,-0.0186013732314214,-0.0186013732314214,-0.0186013732314214
beta[21],analytic_prophet,-0.012337381401419663,-0.0017348761430321,-0.0017348761430321,-0.0017348761430321
beta[22],analytic_prophet,-0.010573754200566884,0.0003080136256859,0.0003080136256859,0.0003080136256859
beta[23],analytic_prophet,0.009383758091017061,0.000695275808238,0.000695275808238,0.000695275808238
beta[24],analytic_prophet,0.008471258283918079,0.0003260823593614,0.0003260823593614,0.0003260823593614
beta[25],analytic_prophet,0.0008798435761220439,0.00081238252565,0.00081238252565,0.00081238252565
beta[26],analytic_prophet,-0.003524212639159532,-0.0025476616062871,-0.0025476616062871,-0.0025476616062871
k,prophet,-0.356585224190695,3.3814989719195303,3.3814989719195303,3.3814989719195303
m,prophet,0.6258066547348434,1.4214294862476464,1.4214294862476464,1.4214294862476464
delta[1],prophet,-1.5217724684403587e-07,9.74010827537962,-10.25989172462038,0.0
delta[2],prophet,-1.3738234047580177e-07,9.831496236231352,-10.168503763768648,0.0
delta[3],prophet,0.3534873774708282,-17.024948217810582,2.975051782189418,-0.0
delta[4],prophet,0.46407043296322675,-18.25481826768761,1.745181732312389,-0.0
delta[5],prophet,1.1077604986804648e-07,6.5537690579251695,26.55376905792517,0.0
delta[6],prophet,-0.009527527529817325,19.24690012896444,-0.7530998710355589,0.0
delta[7],prophet,-0.24159621757908212,21.601436759468662,1.6014367594686618,1.6014367594686618
delta[8],prophet,-0.24558128276389626,21.117912572333466,1.1179125723334664,1.1179125723334664
delta[9],prophet,-1.0359003051472534e-07,-0.9953467681091297,-20.99534676810913,-0.0
delta[10],prophet,8.086396719074272e-08,-0.6073437385941851,19.392656261405815,-0.0
delta[11],prophet,-4.920472751977218e-07,2.385582980138153,-17.614417019861847,0.0
delta[12],prophet,0.2943280000473024,-19.648494860387046,0.3515051396129535,-0.0
delta[13],prophet,0.21226047729709693,-21.86057542525001,-1.8605754252500084,-1.8605754252500084
delta[14],prophet,0.007209364206094879,-21.567224058381328,-1.5672240583813275,-1.5672240583813277
delta[15],prophet,0.0052008500387118834,-17.74671168208664,2.253288317913359,-0.0
delta[16],prophet,-0.8632665753562702,24.14782182031729,4.147821820317289,4.14782182031729
delta[17],prophet,-1.9392733552717123e-06,13.749036330321445,-6.250963669678555,0.0
delta[18],prophet,-4.987448276911558e-08,3.3894195760364596,-16.61058042396354,0.0
delta[19],prophet,-1.3541710399363941e-08,-6.72103332402142,-26.72103332402142,-0.0
delta[20],prophet,0.46367025121723365,-18.36105551632824,1.6389444836717608,-0.0
delta[21],prophet,0.009535342536295207,-13.474372614232664,6.525627385767336,-0.0
delta[22],prophet,-1.6816262696458727e-08,6.4492040782505455,-13.550795921749454,0.0
delta[23],prophet,-0.3275462839129856,24.083983865150458,4.083983865150458,4.083983865150458
delta[24],prophet,-1.0534596932511475e-05,15.863157858429929,-4.136842141570071,0.0
delta[25],prophet,-2.0543138022400545e-06,11.165176939193145,-8.834823060806855,0.0
beta[1],prophet,-0.029997965056069522,-0.5461309844818416,-0.5461309844818416,-0.5461309844818416
beta[2],prophet,0.04824074313718272,-0.8562426371588769,-0.8562426371588769,-0.8562426371588769
beta[3],prophet,0.010008562343944467,-0.1331806347723543,-0.1331806347723543,-0.1331806347723543
beta[4],prophet,-0.0022877513650036638,-0.8203166638393528,-0.8203166638393528,-0.8203166638393528
beta[5],prophet,0.012542120667458466,0.1490656914622912,0.1490656914622912,0.1490656914622912
beta[6],prophet,0.015589461425786544,-0.8222434928273096,-0.8222434928273096,-0.8222434928273096
beta[7],prophet,0.009505493828783067,0.4334820893044152,0.4334820893044152,0.4334820893044152
beta[8],prophet,0.0007521739677037044,-0.3640603221104242,-0.3640603221104242,-0.3640603221104242
beta[9],prophet,0.003913691962159711,0.2973039281274978,0.2973039281274978,0.2973039281274978
beta[10],prophet,-0.0058740068666079314,-0.4955982461550993,-0.4955982461550993,-0.4955982461550993
beta[11],prophet,0.007538281442461729,0.4916298570743526,0.4916298570743526,0.4916298570743526
beta[12],prophet,-0.0052463846425626,-0.4939982521255245,-0.4939982521255245,-0.4939982521255245
beta[13],prophet,0.002081552792469554,0.4312792700725574,0.4312792700725574,0.4312792700725574
beta[14],prophet,-0.004779838151286668,-0.4424300994661548,-0.4424300994661548,-0.4424300994661548
beta[15],prophet,-0.004109460847827499,0.5032662338353534,0.5032662338353534,0.5032662338353534
beta[16],prophet,-0.007770005800429633,-0.2456631379751541,-0.2456631379751541,-0.2456631379751541
beta[17],prophet,-0.0008167637522039884,0.4180583371326569,0.4180583371326569,0.4180583371326569
beta[18],prophet,0.0012547397887661702,-0.1732967285626002,-0.1732967285626002,-0.1732967285626002
beta[19],prophet,0.0018693024700274002,0.275727302290686,0.275727302290686,0.275727302290686
beta[20],prophet,0.006984477766718673,-0.1576593512316462,-0.1576593512316462,-0.1576593512316462
beta[21],prophet,-0.01233581744959321,0.0602226575128568,0.0602226575128568,0.0602226575128568
beta[22],prophet,-0.01057238650858213,-0.0568254351428204,-0.0568254351428204,-0.0568254351428204
beta[23],prophet,0.009384843935404747,-0.1216261516551195,-0.1216261516551195,-0.1216261516551195
beta[24],prophet,0.008470706551895298,-0.0360219720668244,-0.0360219720668244,-0.0360219720668244
beta[25],prophet,0.0008806095987496033,0.0615329505951542,0.0615329505951542,0.0615329505951542
beta[26],prophet,-0.003523588076565358,-0.1445246686907491,-0.1445246686907491,-0.1445246686907491
