configuration,observations,days,seasonalities,columns,changepoints,prophet_algorithm,ours_algorithm,lp_prophet,lp_ours,margin,relative_margin_percent,sigma_obs_prophet,sigma_obs_ours,design_gap
default,20,19,weekly,6,15,Newton,Newton,74.40912416001794,74.89546368344826,0.48633952343031694,0.6536019996478342,0.010898641440795427,0.00930880062729239,7.275957614183426e-12
default,30,29,weekly,6,23,Newton,Newton,91.61102166081069,91.61988105120781,0.008859390397120137,0.00967065996700919,0.0254844939284368,0.02551798005151203,7.275957614183426e-12
default,40,39,weekly,6,25,Newton,Newton,123.55135034466754,123.56000474335772,0.00865439869018303,0.007004697776301198,0.024791114477016745,0.024776789008215127,7.275957614183426e-12
default,50,49,weekly,6,25,Newton,Newton,139.93934366455105,139.9511850653392,0.011841400788142664,0.008461809579818893,0.0369993344160871,0.036906871780554996,7.275957614183426e-12
default,60,60,weekly,6,25,Newton,Newton,162.4014705661755,162.42309162034402,0.021621054168520004,0.013313336445257024,0.040065745474538755,0.04000503314303868,7.275957614183426e-12
default,70,70,weekly,6,25,Newton,Newton,171.8165198253411,171.81817648321027,0.0016566578691765699,0.0009642017373304,0.044292530235303565,0.04430789426070201,7.275957614183426e-12
default,80,81,weekly,6,25,Newton,Newton,199.2343965468426,199.23742483276328,0.003028285920692042,0.0015199613988240493,0.043324769254707546,0.04333762570704832,7.275957614183426e-12
default,90,94,weekly,6,25,Newton,Newton,222.05338634387684,222.0575224466836,0.004136102806768349,0.001862661441408098,0.04665623746235936,0.04665912154392105,7.275957614183426e-12
default,95,99,weekly,6,25,Newton,Newton,236.04096699732773,236.04761726237663,0.0066502650489042026,0.00281741984601321,0.045922348723576895,0.0459186372018614,7.275957614183426e-12
default,99,103,weekly,6,25,Newton,Newton,246.80792575581947,246.825461743704,0.017535987884542692,0.007105115377004545,0.04589133797337439,0.04593461974897845,7.275957614183426e-12
default,100,104,weekly,6,25,LBFGS,LBFGS,249.1781302411185,249.8973556739496,0.719225432831081,0.28863906801737327,0.04377396699571499,0.045623497668180364,7.275957614183426e-12
default,101,105,weekly,6,25,LBFGS,LBFGS,252.21656861087592,252.8803146171216,0.6637460062456739,0.26316510842303653,0.04565291738282326,0.045425509262878624,7.275957614183426e-12
default,105,109,weekly,6,25,LBFGS,LBFGS,262.65527640986437,263.13001795558694,0.47474154572256566,0.18074700505226024,0.043931768626259166,0.04567019301400299,7.275957614183426e-12
default,110,114,weekly,6,25,LBFGS,LBFGS,276.45606695007024,276.76928745235995,0.31322050228970966,0.1132984729708534,0.04419172290703866,0.04539883650814875,7.275957614183426e-12
default,120,124,weekly,6,25,LBFGS,LBFGS,299.90661109777216,300.38346234437654,0.47685124660438305,0.15899991162546442,0.04547156218354118,0.04462372841017844,7.275957614183426e-12
default,130,134,weekly,6,25,LBFGS,LBFGS,324.68713704854247,325.4739313725118,0.7867943239693318,0.24232383553023287,0.04421846563166362,0.04334379661157978,7.275957614183426e-12
default,140,144,weekly,6,25,LBFGS,LBFGS,352.4614872860771,353.57095196176334,1.1094646756862403,0.3147761431267348,0.042538692612105196,0.04208965781272412,7.275957614183426e-12
default,150,154,weekly,6,25,LBFGS,LBFGS,379.4730079067484,380.5689814639901,1.0959735572416776,0.2888146282886612,0.042826640558580945,0.04238498327327507,7.275957614183426e-12
default,175,181,weekly,6,25,LBFGS,LBFGS,452.30123684733456,453.1424098726516,0.8411730253170617,0.18597628235117633,0.04178774674636793,0.04091321687688641,7.275957614183426e-12
default,200,207,weekly,6,25,LBFGS,LBFGS,525.3932670437642,526.5128990470221,1.1196320032578342,0.21310360704804598,0.04023991383174081,0.039311500378545264,7.275957614183426e-12
default,225,251,weekly,6,25,LBFGS,LBFGS,593.8563508757007,595.4858557714,1.629504895699256,0.274393781138551,0.03852850364775825,0.03821932945255685,7.275957614183426e-12
default,250,276,weekly,6,25,LBFGS,LBFGS,665.803359779085,667.7024994978124,1.8991397187273833,0.28524033272489374,0.037496002089694405,0.03724725328650481,7.275957614183426e-12
default,275,301,weekly,6,25,LBFGS,LBFGS,741.0994110150227,742.2691019632695,1.169690948246739,0.1578318550604041,0.03691589507932566,0.036388676531141174,7.275957614183426e-12
default,300,328,weekly,6,25,LBFGS,LBFGS,813.3508393477621,815.3372627063832,1.9864233586210958,0.24422712346544545,0.0364629951687806,0.0357857206898678,7.275957614183426e-12
default,350,378,weekly,6,25,LBFGS,LBFGS,962.95908764142,965.1342010016533,2.175113360233354,0.2258780656570643,0.035222265394691345,0.03443460336422676,7.275957614183426e-12
default,400,428,weekly,6,25,LBFGS,LBFGS,1089.144017606235,1090.4980410612206,1.354023454985736,0.12431996440302392,0.03700060810750296,0.03638194301230059,7.275957614183426e-12
default,450,478,weekly,6,25,LBFGS,LBFGS,1230.8655951109697,1233.1871882428836,2.3215931319139145,0.1886146741882577,0.03610769949730625,0.03521224715187907,7.275957614183426e-12
default,500,528,weekly,6,25,LBFGS,LBFGS,1379.4826041272484,1381.7604619334008,2.2778578061524968,0.16512406893261405,0.035673056309247185,0.03460927528180725,7.275957614183426e-12
default,550,578,weekly,6,25,LBFGS,LBFGS,1531.5881881851124,1534.6249233710676,3.0367351859551945,0.19827360966746796,0.03480899994475197,0.033673618280816324,7.275957614183426e-12
default,600,628,weekly,6,25,LBFGS,LBFGS,1665.907610310393,1669.1331068654715,3.2254965550785073,0.19361797347678425,0.03476276822887462,0.033761101090335525,7.275957614183426e-12
default,650,685,weekly,6,25,LBFGS,LBFGS,1798.0089531939486,1801.8377751343555,3.828821940406897,0.21294787957565234,0.03493261666147864,0.03415531518639601,7.275957614183426e-12
default,692,729,weekly,6,25,LBFGS,LBFGS,1916.4907941430567,1917.4218516342207,0.9310574911639833,0.04858137038849164,0.03499908942850457,0.034572291499127994,7.275957614183426e-12
default,693,730,weekly+yearly,26,25,LBFGS,LBFGS,2072.6257646807812,2072.744705885879,0.11894120509759887,0.005738672515050868,0.030232355055887884,0.030233853058388268,7.275957614183426e-12
default,700,737,weekly+yearly,26,25,LBFGS,LBFGS,2094.3509640951415,2094.46488536295,0.11392126780856415,0.005439454502210594,0.030188247565280123,0.030189702014638505,7.275957614183426e-12
default,750,789,weekly+yearly,26,25,LBFGS,LBFGS,2208.453500369225,2208.7972719586523,0.34377158942743336,0.015566168333177907,0.03174048091519513,0.031647935333803466,7.275957614183426e-12
default,800,841,weekly+yearly,26,25,LBFGS,LBFGS,2326.5161619896776,2326.8262812454345,0.31011925575694477,0.013329770101047796,0.03273545101474196,0.03264352581974484,7.275957614183426e-12
default,850,891,weekly+yearly,26,25,LBFGS,LBFGS,2482.1809163476023,2483.5123496860065,1.3314333384041674,0.053639657352748525,0.032044825286093204,0.03203296205802696,7.275957614183426e-12
default,900,948,weekly+yearly,26,25,LBFGS,LBFGS,2597.9611590624672,2598.732862211587,0.7717031491197304,0.029704183468170744,0.03322269179664967,0.03310531726964317,7.275957614183426e-12
default,950,998,weekly+yearly,26,25,LBFGS,LBFGS,2733.6820740026988,2734.9479936931675,1.2659196904687633,0.04630822664082457,0.033653189712895513,0.03353413039595384,7.275957614183426e-12
default,1000,1048,weekly+yearly,26,25,LBFGS,LBFGS,2852.7676171924772,2855.527973829997,2.760356637519635,0.09676065519266558,0.03408681047981794,0.033725459263594174,7.275957614183426e-12
default,1050,1098,weekly+yearly,26,25,LBFGS,LBFGS,2994.907234306463,2996.6999284804688,1.7926941740056463,0.05985808687062002,0.03392464792204514,0.03384854829389161,7.275957614183426e-12
default,1100,1148,weekly+yearly,26,25,LBFGS,LBFGS,3121.5247376757297,3124.2222630977867,2.6975254220569695,0.08641691637098901,0.03471176838997557,0.034575938670926,7.275957614183426e-12
default,1150,1198,weekly+yearly,26,25,LBFGS,LBFGS,3265.3045713581273,3266.6621083214795,1.3575369633522314,0.04157458925148889,0.03464314785931096,0.03454038864334035,7.275957614183426e-12
default,1200,1248,weekly+yearly,26,25,LBFGS,LBFGS,3407.937473457741,3408.9466079646595,1.009134506918599,0.029611297589175457,0.034565795275258486,0.03447702341079168,7.275957614183426e-12
default,1250,1298,weekly+yearly,26,25,LBFGS,LBFGS,3566.7772397541153,3568.9609541807913,2.1837144266760333,0.06122374008494495,0.03416545195992659,0.034008965714709134,7.275957614183426e-12
default,1300,1348,weekly+yearly,26,25,LBFGS,LBFGS,3700.2055744035506,3702.1571325781993,1.9515581746486532,0.05274188515764376,0.03451365121483269,0.03427432255033564,7.275957614183426e-12
default,1350,1399,weekly+yearly,26,25,LBFGS,LBFGS,3832.8268771488993,3834.1738843074063,1.34700715850704,0.03514396036350668,0.03478861226248951,0.0346866404819137,7.275957614183426e-12
default,1400,1450,weekly+yearly,26,25,LBFGS,LBFGS,3977.4213069937136,3979.9190292541302,2.4977222604165945,0.06279752803719121,0.03472784702019749,0.03471580019426515,7.275957614183426e-12
default,1450,1502,weekly+yearly,26,25,LBFGS,LBFGS,4101.017229729863,4103.203615747332,2.186386017468976,0.053313260954355825,0.03520901127697679,0.03512264073830517,7.275957614183426e-12
default,1500,1552,weekly+yearly,26,25,LBFGS,LBFGS,4200.3258753269265,4201.703145158064,1.3772698311377098,0.03278959471282718,0.036099063085733886,0.03571909004701339,7.275957614183426e-12
default,1550,1602,weekly+yearly,26,25,LBFGS,LBFGS,4269.341736121614,4270.564692264526,1.2229561429112437,0.028645075013887505,0.03790840283812957,0.03773866362179098,7.275957614183426e-12
default,1600,1653,weekly+yearly,26,25,LBFGS,LBFGS,4407.610747391564,4409.389462878118,1.7787154865545745,0.04035554835705996,0.03800483414021677,0.037919151283547135,7.275957614183426e-12
default,1650,1703,weekly+yearly,26,25,LBFGS,LBFGS,4537.103137980845,4538.256955891671,1.1538179108265467,0.025430718141885408,0.03822345174733132,0.03806141176052688,7.275957614183426e-12
default,1700,1753,weekly+yearly,26,25,LBFGS,LBFGS,4667.267964454953,4669.08748897024,1.8195245152874122,0.038984787870432414,0.03832984145036754,0.03816153621153517,7.275957614183426e-12
default,1750,1803,weekly+yearly,26,25,LBFGS,LBFGS,4801.589469888823,4803.397492791513,1.808022902690027,0.037654674853572816,0.03829189325481959,0.037952345531138194,7.275957614183426e-12
default,1800,1853,weekly+yearly,26,25,LBFGS,LBFGS,4958.199974334171,4959.020304651756,0.8203303175851033,0.01654492198441964,0.037830334893847385,0.037753888574439995,7.275957614183426e-12
default,1850,1903,weekly+yearly,26,25,LBFGS,LBFGS,5087.290524184128,5088.071727693439,0.7812035093111263,0.015355983810977875,0.037848028895615574,0.03774475704217498,7.275957614183426e-12
default,1900,1953,weekly+yearly,26,25,LBFGS,LBFGS,5243.078033928339,5243.57723980716,0.49920587882115797,0.00952123686870118,0.03756779663011711,0.037573296929012505,7.275957614183426e-12
default,1950,2003,weekly+yearly,26,25,LBFGS,LBFGS,5402.123679731121,5403.031201790168,0.9075220590466415,0.016799357305566382,0.037104142527549414,0.03705896544437953,7.275957614183426e-12
default,2000,2054,weekly+yearly,26,25,LBFGS,LBFGS,5547.983168622756,5549.537535619575,1.5543669968183167,0.028016793663131753,0.03706092611721014,0.03694121960618554,7.275957614183426e-12
default,2050,2104,weekly+yearly,26,25,LBFGS,LBFGS,5684.160874154785,5685.842586625188,1.6817124704029993,0.02958594078590473,0.037133915788572336,0.03695639300514896,7.275957614183426e-12
default,2100,2154,weekly+yearly,26,25,LBFGS,LBFGS,5767.136504801666,5769.207772177431,2.0712673757652738,0.03591500520302849,0.03795648329365073,0.03783542411653918,7.275957614183426e-12
default,2150,2204,weekly+yearly,26,25,LBFGS,LBFGS,5911.277689913053,5912.370347052152,1.092657139099174,0.01848428032680098,0.03781207778633276,0.037681347743493916,7.275957614183426e-12
default,2200,2255,weekly+yearly,26,25,LBFGS,LBFGS,6006.768871974841,6008.748386942438,1.979514967596515,0.03295473839241814,0.038532500702308126,0.03840373676962068,7.275957614183426e-12
default,2250,2305,weekly+yearly,26,25,LBFGS,LBFGS,6153.6717841902755,6154.758952161609,1.0871679713336562,0.017666980129274312,0.038489910267205225,0.03831179847781934,7.275957614183426e-12
default,2300,2355,weekly+yearly,26,25,LBFGS,LBFGS,6293.394498483264,6294.16506188411,0.7705634008461857,0.012244002835542804,0.03843663162935751,0.038386318728978464,7.275957614183426e-12
default,2350,2405,weekly+yearly,26,25,LBFGS,LBFGS,6452.540271035869,6453.274649375117,0.7343783392479963,0.01138122829770579,0.037956175056557497,0.037916737128789485,7.275957614183426e-12
default,2400,2456,weekly+yearly,26,25,LBFGS,LBFGS,6598.14175025984,6600.269882552562,2.128132292722512,0.03225350974975196,0.03795062471361085,0.03791080534597047,7.275957614183426e-12
default,2450,2506,weekly+yearly,26,25,LBFGS,LBFGS,6731.7922120934745,6733.031623245313,1.2394111518387945,0.018411310283942325,0.038016466302027326,0.0379370974680159,7.275957614183426e-12
default,2500,2556,weekly+yearly,26,25,LBFGS,LBFGS,6871.837742773479,6873.139084929403,1.3013421559244307,0.018937323677249807,0.03802608396512749,0.0379306974547415,7.275957614183426e-12
default,2550,2606,weekly+yearly,26,25,LBFGS,LBFGS,6994.534721466525,6998.810196453104,4.275474986578956,0.06112593841956837,0.038155988865554435,0.038050502635899215,7.275957614183426e-12
default,2600,2657,weekly+yearly,26,25,LBFGS,LBFGS,7154.936181620217,7155.838386731482,0.9022051112651752,0.012609547987063572,0.03764840968518018,0.037597268494488106,7.275957614183426e-12
default,2650,2707,weekly+yearly,26,25,LBFGS,LBFGS,7306.505297255394,7307.321183787739,0.8158865323448481,0.011166576894857335,0.037463321251643464,0.03748414348369887,7.275957614183426e-12
default,2700,2757,weekly+yearly,26,25,LBFGS,LBFGS,7445.288950334085,7446.965424862557,1.676474528471772,0.022517252717190312,0.03753455080868968,0.037496195859421946,7.275957614183426e-12
default,2750,2807,weekly+yearly,26,25,LBFGS,LBFGS,7605.53506694041,7607.534785090723,1.9997181503131287,0.02629293182810325,0.03722059200536019,0.037150805632478086,7.275957614183426e-12
default,2800,2857,weekly+yearly,26,25,LBFGS,LBFGS,7750.609373205763,7751.562151464682,0.9527782589184426,0.012292946438666406,0.03716129839842623,0.037122094999033434,7.275957614183426e-12
default,2850,2908,weekly+yearly,26,25,LBFGS,LBFGS,7889.058789019544,7890.205766670237,1.146977650692861,0.014538840200928558,0.03717188800300191,0.037151287192407005,7.275957614183426e-12
default,2900,2958,weekly+yearly,26,25,LBFGS,LBFGS,7993.3292907087425,7993.880192925867,0.5509022171245306,0.006892024550582275,0.037613640846663875,0.037572899084566604,7.275957614183426e-12
default,2905,2963,weekly+yearly,26,25,LBFGS,LBFGS,8004.797952932415,8005.158847207482,0.3608942750670394,0.004508474507277629,0.03764106811534466,0.0376070469653535,7.275957614183426e-12
yearly_only,693,730,yearly,20,25,LBFGS,LBFGS,1991.1999774627684,1991.8300040025497,0.6300265397812836,0.031640545746895676,0.03402631270530287,0.03397916526585202,4.547473508864641e-13
yearly_only,700,737,yearly,20,25,LBFGS,LBFGS,2010.5435087691744,2010.9002018459823,0.3566930768079146,0.017741126976470005,0.034038709530471604,0.034033748720045685,4.547473508864641e-13
yearly_only,750,789,yearly,20,25,LBFGS,LBFGS,2122.876119360506,2123.2072606378656,0.3311412773596203,0.015598709427254432,0.03549688844545242,0.035486315469367716,4.547473508864641e-13
yearly_only,800,841,yearly,20,25,LBFGS,LBFGS,2248.057565776357,2249.009763748203,0.9521979718460898,0.042356476379520655,0.03605980101818822,0.03604589868330297,4.547473508864641e-13
yearly_only,850,891,yearly,20,25,LBFGS,LBFGS,2403.9763111482735,2405.714456196514,1.7381450482407672,0.07230291913361377,0.03527280062057999,0.03519338643282189,4.547473508864641e-13
yearly_only,900,948,yearly,20,25,LBFGS,LBFGS,2526.6195848399966,2527.3223673244306,0.7027824844340103,0.027815128508097725,0.035907290609633505,0.035860734897168026,4.547473508864641e-13
yearly_only,950,998,yearly,20,25,LBFGS,LBFGS,2666.022789464425,2667.0535147449978,1.030725280572824,0.03866153300136964,0.03610195029032038,0.03605402679162156,4.547473508864641e-13
yearly_only,1000,1048,yearly,20,25,LBFGS,LBFGS,2775.136930263534,2776.392314120993,1.2553838574590372,0.04523682574970536,0.03698088019273441,0.036803666931610246,4.547473508864641e-13
yearly_only,1050,1098,yearly,20,25,LBFGS,LBFGS,2904.2647054405634,2905.3906019404876,1.125896499924238,0.0387670069403486,0.03715591119708481,0.03710422416181104,4.547473508864641e-13
yearly_only,1100,1148,yearly,20,25,LBFGS,LBFGS,3024.4222362978207,3026.781089743962,2.3588534461414383,0.07799352279028667,0.03802820509194646,0.03788179654860876,4.547473508864641e-13
yearly_only,1150,1198,yearly,20,25,LBFGS,LBFGS,3167.499115564935,3168.543156212833,1.044040647897873,0.03296103991844887,0.03785110209231535,0.037764471258852565,4.547473508864641e-13
yearly_only,1200,1248,yearly,20,25,LBFGS,LBFGS,3314.262033374464,3315.6191885799703,1.3571552055063876,0.0409489410263853,0.0376743810677303,0.03757520038255186,4.547473508864641e-13
yearly_only,1250,1298,yearly,20,25,LBFGS,LBFGS,3471.67474749423,3473.644982858142,1.970235363912252,0.05675172667987748,0.037103373735647226,0.03689878090761314,4.547473508864641e-13
yearly_only,1300,1348,yearly,20,25,LBFGS,LBFGS,3610.1348522945455,3611.4072476625447,1.272395367999252,0.03524509249815245,0.03706208480232224,0.03693705023225701,4.547473508864641e-13
yearly_only,1350,1399,yearly,20,25,LBFGS,LBFGS,3736.3323629161887,3737.7672312349064,1.4348683187176903,0.03840312315250731,0.03747919093546577,0.03734509927883032,4.547473508864641e-13
yearly_only,1400,1450,yearly,20,25,LBFGS,LBFGS,3870.8617355207057,3872.5026738669862,1.6409383462805636,0.04239206818529843,0.03760337573747458,0.037586690065509416,4.547473508864641e-13
yearly_only,1450,1502,yearly,20,25,LBFGS,LBFGS,3986.3854786502447,3987.719597691143,1.3341190408982584,0.03346688492729458,0.038153806897929604,0.038122214589985944,4.547473508864641e-13
yearly_only,1500,1552,yearly,20,25,LBFGS,LBFGS,4097.056107894483,4098.066544975603,1.0104370811204717,0.024662515096473624,0.03885086826975049,0.038664182801836554,4.547473508864641e-13
yearly_only,1550,1602,yearly,20,25,LBFGS,LBFGS,4174.68995352665,4175.414222795668,0.7242692690178956,0.017349055309030914,0.040416132227726345,0.04040101150329483,4.547473508864641e-13
yearly_only,1600,1653,yearly,20,25,LBFGS,LBFGS,4313.3891748275855,4314.686665704558,1.2974908769729154,0.03008054280251164,0.040383351608340445,0.04029777019056747,4.547473508864641e-13
yearly_only,1650,1703,yearly,20,25,LBFGS,LBFGS,4447.290356035356,4448.25617903129,0.9658229959341043,0.021717111288301633,0.04041298378358209,0.040364684439934524,4.547473508864641e-13
yearly_only,1700,1753,yearly,20,25,LBFGS,LBFGS,4571.852600721443,4573.08952503415,1.236924312706833,0.027055209796388563,0.04059510719235588,0.040480724650368484,4.547473508864641e-13
yearly_only,1750,1803,yearly,20,25,LBFGS,LBFGS,4694.315770508244,4695.731198482423,1.4154279741787832,0.030151954904080465,0.04077919919628434,0.04068419632714997,4.547473508864641e-13
yearly_only,1800,1853,yearly,20,25,LBFGS,LBFGS,4839.884316555405,4840.664667809153,0.7803512537475399,0.01612334516092161,0.040473479720770686,0.04044522370203797,4.547473508864641e-13
yearly_only,1850,1903,yearly,20,25,LBFGS,LBFGS,4961.535450395551,4963.410357882366,1.8749074868146636,0.03778885600152649,0.04062705862499376,0.04045049384028545,4.547473508864641e-13
yearly_only,1900,1953,yearly,20,25,LBFGS,LBFGS,5118.317793048385,5120.630208771977,2.3124157235915845,0.0451792135051143,0.04016904162727263,0.04011596835885232,4.547473508864641e-13
yearly_only,1950,2003,yearly,20,25,LBFGS,LBFGS,5277.75395201426,5278.565905716042,0.8119537017819312,0.015384455379395779,0.039642410210155646,0.03955936627443828,4.547473508864641e-13
yearly_only,2000,2054,yearly,20,25,LBFGS,LBFGS,5425.460182939298,5426.2736454908645,0.8134625515667722,0.014993429573490494,0.039423214465154635,0.03933752533421545,4.547473508864641e-13
yearly_only,2050,2104,yearly,20,25,LBFGS,LBFGS,5562.131084528368,5563.273942935072,1.142858406704363,0.020547131833755946,0.039455901034012246,0.03943580331708048,4.547473508864641e-13
yearly_only,2100,2154,yearly,20,25,LBFGS,LBFGS,5639.360518188995,5640.588174998461,1.2276568094657705,0.021769432996988386,0.040465630189854614,0.04033089894977087,4.547473508864641e-13
yearly_only,2150,2204,yearly,20,25,LBFGS,LBFGS,5769.715293953032,5770.921008351161,1.2057143981282934,0.0208972945232141,0.040482909276909666,0.040379321367405456,4.547473508864641e-13
yearly_only,2200,2255,yearly,20,25,LBFGS,LBFGS,5861.84384368921,5862.934443286244,1.0905995970333606,0.018605060559698922,0.041152276041913724,0.04113178196613227,4.547473508864641e-13
yearly_only,2250,2305,yearly,20,25,LBFGS,LBFGS,6008.630687500661,6009.452923352746,0.822235852085214,0.01368424679179658,0.040992534709766104,0.04094372219558076,4.547473508864641e-13
yearly_only,2300,2355,yearly,20,25,LBFGS,LBFGS,6148.791067384452,6149.394540149872,0.6034727654205199,0.009814494569860588,0.040959199993054786,0.04094504435929249,4.547473508864641e-13
yearly_only,2350,2405,yearly,20,25,LBFGS,LBFGS,6305.623796844342,6307.193117226058,1.5693203817163521,0.02488763098270659,0.040585964013598305,0.0404412705317774,4.547473508864641e-13
yearly_only,2400,2456,yearly,20,25,LBFGS,LBFGS,6451.045609446832,6452.90130945659,1.8557000097580385,0.028765879550449534,0.04041842783367081,0.040374184368257585,4.547473508864641e-13
yearly_only,2450,2506,yearly,20,25,LBFGS,LBFGS,6572.144812898974,6573.191774293905,1.046961394930804,0.01593028493340501,0.04062947006160274,0.04058273524056475,4.547473508864641e-13
yearly_only,2500,2556,yearly,20,25,LBFGS,LBFGS,6703.689107229209,6704.776677007477,1.087569778267607,0.016223451906425372,0.04070082548260173,0.04068379074609675,4.547473508864641e-13
yearly_only,2550,2606,yearly,20,25,LBFGS,LBFGS,6822.134695730835,6823.246574916564,1.111879185728867,0.01629811247240047,0.04090583023863086,0.04084968401622004,4.547473508864641e-13
yearly_only,2600,2657,yearly,20,25,LBFGS,LBFGS,6974.307802158597,6975.61919030517,1.3113881465733357,0.018803129769630354,0.04047005443460177,0.040393264390652564,4.547473508864641e-13
yearly_only,2650,2707,yearly,20,25,LBFGS,LBFGS,7123.84296040247,7126.367174013012,2.524213610541665,0.03543331351592647,0.04027275930681939,0.0401887224178916,4.547473508864641e-13
yearly_only,2700,2757,yearly,20,25,LBFGS,LBFGS,7265.932550774774,7268.7613330254835,2.8287822507090823,0.038932129233809724,0.04017081767977099,0.04010615077663104,4.547473508864641e-13
yearly_only,2750,2807,yearly,20,25,LBFGS,LBFGS,7426.0985931173855,7427.719346194195,1.6207530768097058,0.0218250950547821,0.03978507050564434,0.03972791334040623,4.547473508864641e-13
yearly_only,2800,2857,yearly,20,25,LBFGS,LBFGS,7566.506701992461,7567.417486643765,0.9107846513043114,0.012037056030948573,0.039739949999249596,0.03969347424138282,4.547473508864641e-13
yearly_only,2850,2908,yearly,20,25,LBFGS,LBFGS,7694.79733823676,7695.720179519174,0.9228412824140833,0.011993055071487426,0.039828399792372696,0.039824767458582315,4.547473508864641e-13
yearly_only,2900,2958,yearly,20,25,LBFGS,LBFGS,7787.780205843994,7788.581426698996,0.8012208550026116,0.010288180120971713,0.04044719061178306,0.04039072567970261,4.547473508864641e-13
yearly_only,2905,2963,yearly,20,25,LBFGS,LBFGS,7794.910366843969,7797.252240113786,2.3418732698164604,0.0300436202547977,0.04055779259366403,0.040461529929859553,4.547473508864641e-13
