observations,arm,iterations,stopped_by,lp,shortfall,median_progress_tail,sign_flips,coordinates_flipped,exact_zeros,min_abs_delta,matches_shipped
50,split,44,tol_obj+tol_rel_obj,139.9511850653392,0.0,0.02616739953325009,4,3,25,0.0,True
50,natural,1342,tol_param,138.52045341473166,1.4307316506075267,3.4728951021634202e-06,8816,25,0,2.0800475688584107e-09,False
50,stan_newton,,CmdStan,139.93934366455105,0.011841400788142664,,,,0,9.923160228582953e-11,
99,split,59,tol_obj+tol_rel_obj,246.82546174370404,0.0,0.0487496026480585,0,0,23,0.0,True
99,natural,1409,tol_param,243.51709910169168,3.308362642012355,3.9898365287172055e-06,9549,25,0,1.611257067693775e-09,False
99,stan_newton,,CmdStan,246.80792575581947,0.017535987884571114,,,,0,9.067927884748309e-10,
150,split,127,tol_rel_obj,380.5689837441698,0.0,0.018038445167348982,1,1,21,0.0,True
150,natural,1177,tol_param,378.79083738163973,1.7781463625300944,3.691974001185372e-06,6564,25,0,1.422090916326119e-09,False
150,stan_newton,,CmdStan,380.4448503737591,0.12413337041073191,,,,0,1.7067519590294485e-11,
300,split,130,tol_rel_obj,815.3372632997974,0.0,0.006294278111056428,7,7,21,0.0,True
300,natural,660,tol_param,808.2711584805835,7.066104819213933,9.795531923373346e-06,2741,25,0,2.152768683336023e-09,False
300,stan_newton,,CmdStan,815.1250773473067,0.2121859524906995,,,,0,1.906440355204405e-10,
1000,split,274,tol_rel_obj,2855.5279882532163,0.0,0.002223312894557239,7,7,19,0.0,True
1000,natural,240,tol_param,2851.1465597238216,4.381428529394725,2.648072950250935e-06,1022,21,0,1.6291570725383275e-09,False
1000,stan_newton,,CmdStan,2855.440958857296,0.08702939592012626,,,,0,1.5169606086536516e-10,
2905,split,528,tol_rel_obj,8005.159164650693,0.0,0.010341609360693838,29,17,15,0.0,True
2905,natural,1243,tol_rel_obj,8003.922688875474,1.2364757752193327,6.530324753839523e-06,5953,25,0,1.7747243237737424e-09,False
2905,stan_newton,,CmdStan,8005.157046551647,0.0021180990461289184,,,,0,2.6433307842196203e-10,
